{"cameraMode":{"drawMode":0,"name":"Shaded","section":"Shading Mode"},"sceneLighting":true,"audioPlay":false,"sceneViewState":{"m_AlwaysRefresh":false,"showFog":true,"showSkybox":true,"showFlares":true,"showImageEffects":true,"showParticleSystems":true,"showVisualEffectGraphs":true,"m_FxEnabled":true},"in2DMode":false,"pivot":{"x":156.01388549804688,"y":10.363213539123536,"z":86.61751556396485},"rotation":{"x":-0.029957663267850877,"y":-0.5052364468574524,"z":0.010745253413915635,"w":-0.8651261329650879},"size":73.3462142944336,"orthographic":false}