{"cameraMode":{"drawMode":0,"name":"Shaded","section":"Shading Mode"},"sceneLighting":true,"audioPlay":false,"sceneViewState":{"m_AlwaysRefresh":false,"showFog":true,"showSkybox":true,"showFlares":true,"showImageEffects":true,"showParticleSystems":true,"showVisualEffectGraphs":true,"m_FxEnabled":true},"in2DMode":false,"pivot":{"x":-221.71136474609376,"y":118.71113586425781,"z":-132.89126586914063},"rotation":{"x":0.08146712183952332,"y":0.858250081539154,"z":0.12106151133775711,"w":-0.49684709310531618},"size":160.5913848876953,"orthographic":false}