{"cameraMode":{"drawMode":0,"name":"Shaded","section":"Shading Mode"},"sceneLighting":true,"audioPlay":false,"sceneViewState":{"m_AlwaysRefresh":false,"showFog":true,"showSkybox":true,"showFlares":true,"showImageEffects":true,"showParticleSystems":true,"showVisualEffectGraphs":true,"m_FxEnabled":true},"in2DMode":false,"pivot":{"x":-126.3392333984375,"y":22.542333602905275,"z":78.6735610961914},"rotation":{"x":0.010819017887115479,"y":-0.5384026765823364,"z":0.013277535326778889,"w":0.8453107476234436},"size":75.40794372558594,"orthographic":false}